m,e,l,a,n,o,g,a,s,t,e,r
T,r,u,e
f,l,i,e,s
T,r,u,e
f,l,y
T,r,u,e
d,i,a,g,n,o,s,t,i,c
T,r,u,e
p,a,t,i,e,n,t,s
T,r,u,e
s,p,e,c,i,f,i,c,i,t,y
T,r,u,e
s,a,m,p,l,e,s
T,r,u,e
c,l,i,n,i,c,a,l
T,r,u,e
p,r,e,d,i,c,t,i,v,e
T,r,u,e
d,e,t,e,c,t,i,o,n
T,r,u,e
v,a,l,u,e
T,r,u,e
b,l,o,o,d
T,r,u,e
c,h,r,o,m,o,s,o,m,e
T,r,u,e
s,e,n,s,i,t,i,v,i,t,y
T,r,u,e
a,d,u,l,t
T,r,u,e
r,a,t,i,o
T,r,u,e
s,i,g,n,a,l,i,n,g
T,r,u,e
m,u,t,a,n,t,s
T,r,u,e
m,u,t,a,n,t
T,r,u,e
n,e,u,r,o,n,s
T,r,u,e
l,o,s,s
T,r,u,e
d,e,v,e,l,o,p,m,e,n,t,a,l
T,r,u,e
s,t,e,m
T,r,u,e
s,t,a,n,d,a,r,d
T,r,u,e
g,e,n,e,t,i,c
T,r,u,e
a,n,t,i,b,o,d,i,e,s
T,r,u,e
c,a,s,e,s
T,r,u,e
p,a,t,h,w,a,y
T,r,u,e
p,e,r,f,o,r,m,e,d
T,r,u,e
r,e,g,u,l,a,t,i,o,n
T,r,u,e
m,u,t,a,t,i,o,n,s
T,r,u,e
p,r,o,c,e,s,s,e,s
T,r,u,e
p,o,s,i,t,i,v,e
T,r,u,e
r,e,s,p,e,c,t,i,v,e,l,y
T,r,u,e
c,o,n,s,e,r,v,e,d
T,r,u,e
b,o,d,y
T,r,u,e
c,o,n,c,l,u,s,i,o,n
T,r,u,e
d,i,s,e,a,s,e
T,r,u,e
f,o,r,m,a,t,i,o,n
T,r,u,e
h,u,m,a,n
T,r,u,e
d,e,v,e,l,o,p,e,d
T,r,u,e
a,s,s,a,y
T,r,u,e
e,l,e,m,e,n,t,s
T,r,u,e
g,r,o,w,t,h
T,r,u,e
g,e,n,e,s
T,r,u,e
m,e,c,h,a,n,i,s,m,s
T,r,u,e
m,e,t,h,o,d
T,r,u,e
p,a,t,h,w,a,y,s
T,r,u,e
r,e,q,u,i,r,e,d
T,r,u,e
c,o,m,p,a,r,e,d
T,r,u,e
t,o,t,a,l
T,r,u,e
a,c,i,d
T,r,u,e
g,r,o,u,p,s
T,r,u,e
p,e,r,f,o,r,m,a,n,c,e
T,r,u,e
n,e,g,a,t,i,v,e
T,r,u,e
d,e,m,o,n,s,t,r,a,t,e,d
T,r,u,e
c,e,l,l,u,l,a,r
T,r,u,e
e,s,s,e,n,t,i,a,l
T,r,u,e
s,e,l,e,c,t,i,o,n
T,r,u,e
r,e,p,o,r,t,e,d
T,r,u,e
i,m,a,g,i,n,g
T,r,u,e
p,o,t,e,n,t,i,a,l
T,r,u,e
p,r,o,t,e,i,n,s
T,r,u,e
g,e,n,o,m,e
T,r,u,e
s,u,b,s,t,r,a,t,e
T,r,u,e
t,r,a,n,s,c,r,i,p,t,i,o,n
T,r,u,e
m,e,c,h,a,n,i,s,m
T,r,u,e
m,e,t,h,o,d,s
T,r,u,e
f,u,n,c,t,i,o,n,s
T,r,u,e
e,x,p,r,e,s,s,i,o,n
T,r,u,e
s,t,r,a,i,n,s
T,r,u,e
r,o,l,e
T,r,u,e
g,r,o,u,p
T,r,u,e
g,e,n,e
T,r,u,e
r,e,d,u,c,e,d
T,r,u,e
t,r,e,a,t,m,e,n,t
T,r,u,e
h,i,g,h
T,r,u,e
i,n,t,e,r,a,c,t,i,o,n,s
T,r,u,e
c,e,l,l,s
T,r,u,e
p,a,t,t,e,r,n
T,r,u,e
e,v,o,l,u,t,i,o,n
T,r,u,e
f,u,n,c,t,i,o,n
T,r,u,e
c,a,n,c,e,r
T,r,u,e
s,t,u,d,y
T,r,u,e
d,i,f,f,e,r,e,n,t,i,a,t,i,o,n
T,r,u,e
a,c,t,i,v,a,t,i,o,n
T,r,u,e
d,i,f,f,e,r,e,n,c,e,s
T,r,u,e
p,r,o,t,e,i,n
T,r,u,e
l,o,w
T,r,u,e
m,o,d,e,l
T,r,u,e
m,u,l,t,i,p,l,e
T,r,u,e
r,a,t,e
T,r,u,e
i,n,v,o,l,v,e,d
T,r,u,e
b,a,s,e,d
T,r,u,e
s,i,g,n,i,f,i,c,a,n,t
T,r,u,e
d,e,v,e,l,o,p,m,e,n,t
T,r,u,e
m,o,t,o,r
T,r,u,e
h,i,g,h,e,r
T,r,u,e
d,e,t,e,r,m,i,n,e,d
T,r,u,e
v,a,r,i,a,t,i,o,n
T,r,u,e
s,y,s,t,e,m
T,r,u,e
e,f,f,e,c,t,s
T,r,u,e
f,u,n,c,t,i,o,n,a,l
T,r,u,e
e,v,i,d,e,n,c,e
T,r,u,e
d,e,t,e,c,t,e,d
T,r,u,e
s,p,e,c,i,f,i,c,i,t,y
F,a,l,s,e
c,e,l,l
T,r,u,e
r,a,p,i,d
T,r,u,e
s,i,t,e
T,r,u,e
d,i,s,t,i,n,c,t
T,r,u,e
k,n,o,w,n
T,r,u,e
v,i,v,o
T,r,u,e
p,r,o,c,e,s,s
T,r,u,e
f,a,m,i,l,y
T,r,u,e
e,x,p,r,e,s,s,e,d
T,r,u,e
a,s,s,a,y,s
T,r,u,e
p,a,t,t,e,r,n,s
T,r,u,e
d,o,m,a,i,n
T,r,u,e
d,e,m,o,n,s,t,r,a,t,e
T,r,u,e
e,n,z,y,m,e
T,r,u,e
t,h,r,e,e
T,r,u,e
t,e,s,t
T,r,u,e
r,e,s,p,o,n,s,e
T,r,u,e
i,n,f,e,c,t,i,o,n
T,r,u,e
c,o,n,t,r,o,l
T,r,u,e
a,p,p,r,o,a,c,h
T,r,u,e
a,n,a,l,y,s,i,s
T,r,u,e
v,i,r,u,s
T,r,u,e
r,e,c,e,p,t,o,r
T,r,u,e
t,i,m,e
T,r,u,e
i,n,v,e,s,t,i,g,a,t,e,d
T,r,u,e
t,e,s,t,e,d
T,r,u,e
b,a,c,k,g,r,o,u,n,d
T,r,u,e
l,i,n,e,s
T,r,u,e
p,r,e,s,e,n,c,e
T,r,u,e
c,o,n,t,r,a,s,t
T,r,u,e
c,o,m,p,l,e,x
T,r,u,e
f,a,c,t,o,r
T,r,u,e
m,e,l,a,n,o,g,a,s,t,e,r
F,a,l,s,e
a,d,d,i,t,i,o,n
T,r,u,e
r,e,g,i,o,n,s
T,r,u,e
s,u,g,g,e,s,t
T,r,u,e
s,e,q,u,e,n,c,e,s
T,r,u,e
a,c,t,i,v,i,t,y
T,r,u,e
s,e,n,s,i,t,i,v,i,t,y
F,a,l,s,e
n,o,r,m,a,l
T,r,u,e
s,t,u,d,y
F,a,l,s,e
l,a,r,g,e
T,r,u,e
r,a,n,g,e
T,r,u,e
r,e,v,e,a,l,e,d
T,r,u,e
i,n,c,r,e,a,s,e,d
T,r,u,e
f,i,r,s,t
T,r,u,e
i,n,c,l,u,d,i,n,g
T,r,u,e
i,d,e,n,t,i,f,y
T,r,u,e
s,m,a,l,l
T,r,u,e
p,a,t,i,e,n,t,s
F,a,l,s,e
c,e,l,l,s
F,a,l,s,e
g,e,n,e,s
F,a,l,s,e
e,f,f,e,c,t
T,r,u,e
r,e,g,i,o,n
T,r,u,e
p,r,o,v,i,d,e
T,r,u,e
a,s,s,o,c,i,a,t,e,d
T,r,u,e
g,e,n,e
F,a,l,s,e
e,x,p,r,e,s,s,i,o,n
F,a,l,s,e
m,o,l,e,c,u,l,a,r
T,r,u,e
w,e,l,l
T,r,u,e
n,u,m,b,e,r
T,r,u,e
i,n,c,r,e,a,s,e
T,r,u,e
o,n,e
T,r,u,e
g,e,n,e,t,i,c
F,a,l,s,e
r,e,s,p,e,c,t,i,v,e,l,y
F,a,l,s,e
p,r,o,t,e,i,n
F,a,l,s,e
f,i,n,d,i,n,g,s
T,r,u,e
i,d,e,n,t,i,f,i,e,d
T,r,u,e
r,o,l,e
F,a,l,s,e
c,h,a,n,g,e,s
T,r,u,e
i,n,f,o,r,m,a,t,i,o,n
T,r,u,e
f,a,c,t,o,r,s
T,r,u,e
d,e,t,e,c,t,i,o,n
F,a,l,s,e
b,r,a,i,n
T,r,u,e
f,l,i,e,s
F,a,l,s,e
c,e,l,l
F,a,l,s,e
f,u,n,c,t,i,o,n
F,a,l,s,e
p,r,o,t,e,i,n,s
F,a,l,s,e
d,i,a,g,n,o,s,i,s
F,a,l,s,e
s,i,t,e,s
T,r,u,e
h,i,g,h
F,a,l,s,e
d,i,f,f,e,r,e,n,t
T,r,u,e
p,a,t,h,w,a,y
F,a,l,s,e
s,p,e,c,i,e,s
T,r,u,e
c,l,i,n,i,c,a,l
F,a,l,s,e
d,i,a,g,n,o,s,t,i,c
F,a,l,s,e
f,l,y
F,a,l,s,e
c,o,m,p,a,r,e,d
F,a,l,s,e
t,i,s,s,u,e
T,r,u,e
d,e,v,e,l,o,p,m,e,n,t
F,a,l,s,e
h,i,g,h,l,y
T,r,u,e
h,u,m,a,n
F,a,l,s,e
m,a,j,o,r
T,r,u,e
s,i,g,n,a,l,i,n,g
F,a,l,s,e
